{
	"format_version": "1.12.0",
	"minecraft:geometry": [
		{
			"description": {
				"identifier": "geometry.demon_scythe",
				"texture_width": 16,
				"texture_height": 16,
				"visible_bounds_width": 3,
				"visible_bounds_height": 2.5,
				"visible_bounds_offset": [0, 0.75, 0]
			},
			"bones": [
				{
					"name": "demon_scythe",
					"pivot": [-8, 8, 8],
					"cubes": [
						{
							"origin": [0, 0, 9],
							"size": [2, 2, 2],
							"pivot": [0, 0, 0],
							"rotation": [85, 0, 2.5],
							"uv": {
								"north": {"uv": [8, 0], "uv_size": [-2, 0.33333]},
								"east": {"uv": [6, 0], "uv_size": [2, 2]},
								"south": {"uv": [6, 1.66667], "uv_size": [2, 0.33333]},
								"west": {"uv": [6, 2], "uv_size": [2, -2]},
								"up": {"uv": [6.33333, 2], "uv_size": [-0.33333, -2]},
								"down": {"uv": [8, 2], "uv_size": [-0.33333, -2]}
							}
						},
						{
							"origin": [0, 2, 9.66667],
							"size": [2, 2, 2],
							"pivot": [0, 0, 0],
							"rotation": [85, 0, 2.5],
							"uv": {
								"north": {"uv": [6, 0.66667], "uv_size": [-2, 0.33333]},
								"east": {"uv": [4, 0.66667], "uv_size": [2, 2]},
								"south": {"uv": [4, 2.33333], "uv_size": [2, 0.33333]},
								"west": {"uv": [4, 2.66667], "uv_size": [2, -2]},
								"up": {"uv": [4.33333, 2.66667], "uv_size": [-0.33333, -2]},
								"down": {"uv": [6, 2.66667], "uv_size": [-0.33333, -2]}
							}
						},
						{
							"origin": [0, -1.33333, 9.66667],
							"size": [2, 1.33333, 0.66667],
							"pivot": [0, 0, 0],
							"rotation": [85, 0, 2.5],
							"uv": {
								"north": {"uv": [9.33333, 0.66667], "uv_size": [-1.33333, 0.33333]},
								"east": {"uv": [8, 0.66667], "uv_size": [1.33333, 0.66667]},
								"south": {"uv": [8, 1], "uv_size": [1.33333, 0.33333]},
								"west": {"uv": [8, 1.33333], "uv_size": [1.33333, -0.66667]},
								"up": {"uv": [8.33333, 1.33333], "uv_size": [-0.33333, -0.66667]},
								"down": {"uv": [9.33333, 1.33333], "uv_size": [-0.33333, -0.66667]}
							}
						},
						{
							"origin": [0, 4, 10.33333],
							"size": [2, 0.66667, 3.33333],
							"pivot": [0, 0, 0],
							"rotation": [85, 0, 2.5],
							"uv": {
								"north": {"uv": [4, 1.33333], "uv_size": [-0.66667, 0.33333]},
								"east": {"uv": [3.33333, 1.33333], "uv_size": [0.66667, 3.33333]},
								"south": {"uv": [3.33333, 4.33333], "uv_size": [0.66667, 0.33333]},
								"west": {"uv": [3.33333, 4.66667], "uv_size": [0.66667, -3.33333]},
								"up": {"uv": [3.66667, 4.66667], "uv_size": [-0.33333, -3.33333]},
								"down": {"uv": [4, 4.66667], "uv_size": [-0.33333, -3.33333]}
							}
						},
						{
							"origin": [0, 4.66667, 11],
							"size": [2, 1.33333, 4],
							"pivot": [0, 0, 0],
							"rotation": [85, 0, 2.5],
							"uv": {
								"north": {"uv": [3.33333, 2], "uv_size": [-1.33333, 0.33333]},
								"east": {"uv": [2, 2], "uv_size": [1.33333, 4]},
								"south": {"uv": [2, 5.66667], "uv_size": [1.33333, 0.33333]},
								"west": {"uv": [2, 6], "uv_size": [1.33333, -4]},
								"up": {"uv": [2.33333, 6], "uv_size": [-0.33333, -4]},
								"down": {"uv": [3.33333, 6], "uv_size": [-0.33333, -4]}
							}
						},
						{
							"origin": [0, 1.33333, 11],
							"size": [2, 0.66667, 0.66667],
							"pivot": [0, 0, 0],
							"rotation": [85, 0, 2.5],
							"uv": {
								"north": {"uv": [6.66667, 2], "uv_size": [-0.66667, 0.33333]},
								"east": {"uv": [6, 2], "uv_size": [0.66667, 0.66667]},
								"south": {"uv": [6, 2.33333], "uv_size": [0.66667, 0.33333]},
								"west": {"uv": [6, 2.66667], "uv_size": [0.66667, -0.66667]},
								"up": {"uv": [6.33333, 2.66667], "uv_size": [-0.33333, -0.66667]},
								"down": {"uv": [6.66667, 2.66667], "uv_size": [-0.33333, -0.66667]}
							}
						},
						{
							"origin": [0, 2.66667, 11.66667],
							"size": [2, 1.33333, 0.66667],
							"pivot": [0, 0, 0],
							"rotation": [85, 0, 2.5],
							"uv": {
								"north": {"uv": [5.33333, 2.66667], "uv_size": [-1.33333, 0.33333]},
								"east": {"uv": [4, 2.66667], "uv_size": [1.33333, 0.66667]},
								"south": {"uv": [4, 3], "uv_size": [1.33333, 0.33333]},
								"west": {"uv": [4, 3.33333], "uv_size": [1.33333, -0.66667]},
								"up": {"uv": [4.33333, 3.33333], "uv_size": [-0.33333, -0.66667]},
								"down": {"uv": [5.33333, 3.33333], "uv_size": [-0.33333, -0.66667]}
							}
						},
						{
							"origin": [0, 6, 12.33333],
							"size": [2, 0.66667, 9.33333],
							"pivot": [0, 0, 0],
							"rotation": [85, 0, 2.5],
							"uv": {
								"north": {"uv": [2, 3.33333], "uv_size": [-0.66667, 0.33333]},
								"east": {"uv": [1.33333, 3.33333], "uv_size": [0.66667, 9.33333]},
								"south": {"uv": [1.33333, 12.33333], "uv_size": [0.66667, 0.33333]},
								"west": {"uv": [1.33333, 12.66667], "uv_size": [0.66667, -9.33333]},
								"up": {"uv": [1.66667, 12.66667], "uv_size": [-0.33333, -9.33333]},
								"down": {"uv": [2, 12.66667], "uv_size": [-0.33333, -9.33333]}
							}
						},
						{
							"origin": [0, 3.33333, 12.33333],
							"size": [2, 0.66667, 0.66667],
							"pivot": [0, 0, 0],
							"rotation": [85, 0, 2.5],
							"uv": {
								"north": {"uv": [4.66667, 3.33333], "uv_size": [-0.66667, 0.33333]},
								"east": {"uv": [4, 3.33333], "uv_size": [0.66667, 0.66667]},
								"south": {"uv": [4, 3.66667], "uv_size": [0.66667, 0.33333]},
								"west": {"uv": [4, 4], "uv_size": [0.66667, -0.66667]},
								"up": {"uv": [4.33333, 4], "uv_size": [-0.33333, -0.66667]},
								"down": {"uv": [4.66667, 4], "uv_size": [-0.33333, -0.66667]}
							}
						},
						{
							"origin": [0, 6.66667, 13],
							"size": [2, 0.66667, 8],
							"pivot": [0, 0, 0],
							"rotation": [85, 0, 2.5],
							"uv": {
								"north": {"uv": [1.33333, 4], "uv_size": [-0.66667, 0.33333]},
								"east": {"uv": [0.66667, 4], "uv_size": [0.66667, 8]},
								"south": {"uv": [0.66667, 11.66667], "uv_size": [0.66667, 0.33333]},
								"west": {"uv": [0.66667, 12], "uv_size": [0.66667, -8]},
								"up": {"uv": [1, 12], "uv_size": [-0.33333, -8]},
								"down": {"uv": [1.33333, 12], "uv_size": [-0.33333, -8]}
							}
						},
						{
							"origin": [0, 7.33333, 15],
							"size": [2, 0.66667, 4],
							"pivot": [0, 0, 0],
							"rotation": [85, 0, 2.5],
							"uv": {
								"north": {"uv": [0.66667, 6], "uv_size": [-0.66667, 0.33333]},
								"east": {"uv": [0, 6], "uv_size": [0.66667, 4]},
								"south": {"uv": [0, 9.66667], "uv_size": [0.66667, 0.33333]},
								"west": {"uv": [0, 10], "uv_size": [0.66667, -4]},
								"up": {"uv": [0.33333, 10], "uv_size": [-0.33333, -4]},
								"down": {"uv": [0.66667, 10], "uv_size": [-0.33333, -4]}
							}
						},
						{
							"origin": [0, 5.33333, 15],
							"size": [2, 0.66667, 8],
							"pivot": [0, 0, 0],
							"rotation": [85, 0, 2.5],
							"uv": {
								"north": {"uv": [2.66667, 6], "uv_size": [-0.66667, 0.33333]},
								"east": {"uv": [2, 6], "uv_size": [0.66667, 8]},
								"south": {"uv": [2, 13.66667], "uv_size": [0.66667, 0.33333]},
								"west": {"uv": [2, 14], "uv_size": [0.66667, -8]},
								"up": {"uv": [2.33333, 14], "uv_size": [-0.33333, -8]},
								"down": {"uv": [2.66667, 14], "uv_size": [-0.33333, -8]}
							}
						},
						{
							"origin": [0, 4.66667, 19],
							"size": [2, 0.66667, 4],
							"pivot": [0, 0, 0],
							"rotation": [85, 0, 2.5],
							"uv": {
								"north": {"uv": [3.33333, 10], "uv_size": [-0.66667, 0.33333]},
								"east": {"uv": [2.66667, 10], "uv_size": [0.66667, 4]},
								"south": {"uv": [2.66667, 13.66667], "uv_size": [0.66667, 0.33333]},
								"west": {"uv": [2.66667, 14], "uv_size": [0.66667, -4]},
								"up": {"uv": [3, 14], "uv_size": [-0.33333, -4]},
								"down": {"uv": [3.33333, 14], "uv_size": [-0.33333, -4]}
							}
						},
						{
							"origin": [0, 4, 20.33333],
							"size": [2, 0.66667, 3.33333],
							"pivot": [0, 0, 0],