{
  "title": "shirt1",
  "tree": [
    {
      "name": "Body_Lower",
      "position": [ 0, 12, 1 ],
      "offsetFromPivot": [ 0, 0, 0 ],
      "size": [ 8, 4, 5 ],
      "rotation": [ 0, 0, 0 ],
      "vertexCoords": [
        [ -4.2, 2.18, -2.625 ],
        [ 4.2, 2.18, -2.625 ],
        [ 4.2, -2.18, -2.625 ],
        [ -4.2, -2.18, -2.625 ],
        [ 4.2, 2.18, 2.625 ],
        [ -4.2, 2.18, 2.625 ],
        [ -4.2, -2.18, 2.625 ],
        [ 4.2, -2.18, 2.625 ]
      ],
      "texOffset": [ 1, 44 ],
      "children": [
        {
          "name": "Body_Upper",
          "position": [ 0, 2.34139, -1 ],
          "offsetFromPivot": [ 0, 3, 1 ],
          "size": [ 8, 6, 5 ],
          "rotation": [ 0, 0, 0 ],
          "vertexCoords": [
            [ -4.2, 3.6, -2.625 ],
            [ 4.2, 3.6, -2.625 ],
            [ 4.2, -3.6, -2.625 ],
            [ -4.2, -3.6, -2.625 ],
            [ 4.2, 3.6, 2.625 ],
            [ -4.2, 3.6, 2.625 ],
            [ -4.2, -3.6, 2.625 ],
            [ 4.2, -3.6, 2.625 ]
          ],
          "texOffset": [ 0, 30 ],
          "children": [
            {
              "name": "Left_Arm_Top",
              "position": [ 5, 1, 0 ],
              "offsetFromPivot": [ 0, 0, 0 ],
              "size": [ 4, 4, 4 ],
              "rotation": [ -4.555956E-09, 0.5600001, 16.27 ],
              "vertexCoords": [
                [ -2.3, 2.3, -2.3 ],
                [ 2.3, 2.3, -2.3 ],
                [ 2.3, -2.3, -2.3 ],
                [ -2.3, -2.3, -2.3 ],
                [ 2.3, 2.3, 2.3 ],
                [ -2.3, 2.3, 2.3 ],
                [ -2.3, -2.3, 2.3 ],
                [ 2.3, -2.3, 2.3 ]
              ],
              "texOffset": [ 46, 31 ],
              "children": [
                {
                  "name": "Left_Arm_Middle",
                  "position": [ -0.1, -2, 0.11 ],
                  "offsetFromPivot": [ 0, -1, 0 ],
                  "size": [ 4, 4, 4 ],
                  "rotation": [ -1.98366, 0.600652, -11.3005 ],
                  "vertexCoords": [
                    [ -2.1, 2.1, -2.1 ],
                    [ 2.1, 2.1, -2.1 ],
                    [ 2.1, -2.1, -2.1 ],
                    [ -2.1, -2.1, -2.1 ],
                    [ 2.1, 2.1, 2.1 ],
                    [ -2.1, 2.1, 2.1 ],
                    [ -2.1, -2.1, 2.1 ],
                    [ 2.1, -2.1, 2.1 ]
                  ],
                  "texOffset": [ 46, 40 ],
                  "children": [
                    {
                      "name": "Left_Arm_Bottom",
                      "position": [ 1, -3, 0 ],
                      "offsetFromPivot": [ -1, -1, 0 ],
                      "size": [ 4, 4, 4 ],
                      "rotation": [ 0, 0, -4.199473 ],
                      "vertexCoords": [
                        [ -2, 2.06, -2 ],
                        [ 2, 2.06, -2 ],
                        [ 2, -2.06, -2 ],
                        [ -2, -2.06, -2 ],
                        [ 2, 2.06, 2 ],
                        [ -2, 2.06, 2 ],
                        [ -2, -2.06, 2 ],
                        [ 2, -2.06, 2 ]
                      ],
                      "texOffset": [ 46, 49 ],
                      "children": []
                    }
                  ]
                }
              ]
            },
            {
              "name": "Right_Arm_Top",
              "position": [ -5, 1, 0 ],
              "offsetFromPivot": [ 0, 0, 0 ],
              "size": [ 4, 4, 4 ],
              "rotation": [ 1.65587, -1.04341, -16.27699 ],
              "vertexCoords": [
                [ -2.3, 2.3, -2.3 ],
                [ 2.3, 2.3, -2.3 ],
                [ 2.3, -2.3, -2.3 ],
                [ -2.3, -2.3, -2.3 ],
                [ 2.3, 2.3, 2.3 ],
                [ -2.3, 2.3, 2.3 ],
                [ -2.3, -2.3, 2.3 ],
                [ 2.3, -2.3, 2.3 ]
              ],
              "texOffset": [ 29, 31 ],
              "children": [
                {
                  "name": "Right_Arm_Middle",
                  "position": [ 0.1, -2, 0.11 ],
                  "offsetFromPivot": [ 0, -1, 0 ],
                  "size": [ 4, 4, 4 ],
                  "rotation": [ -0.308453, -0.265945, 11.29381 ],
                  "vertexCoords": [
                    [ -2.1, 2.1, -2.1 ],
                    [ 2.1, 2.1, -2.1 ],
                    [ 2.1, -2.1, -2.1 ],
                    [ -2.1, -2.1, -2.1 ],
                    [ 2.1, 2.1, 2.1 ],
                    [ -2.1, 2.1, 2.1 ],
                    [ -2.1, -2.1, 2.1 ],
                    [ 2.1, -2.1, 2.1 ]
                  ],
                  "texOffset": [ 29, 40 ],
                  "children": [
                    {
                      "name": "Right_Arm_Bottom",
                      "position": [ -1, -3, 0 ],
                      "offsetFromPivot": [ 1, -1, 0 ],
                      "size": [ 4, 4, 4 ],
                      "rotation": [ 0, 0, 4.199473 ],
                      "vertexCoords": [
                        [ -2, 2.06, -2 ],
                        [ 2, 2.06, -2 ],
                        [ 2, -2.06, -2 ],
                        [ -2, -2.06, -2 ],
                        [ 2, 2.06, 2 ],
                        [ -2, 2.06, 2 ],
                        [ -2, -2.06, 2 ],
                        [ 2, -2.06, 2 ]
                      ],
                      "texOffset": [ 29, 49 ],
                      "children": []
                    }
                  ]
                }
              ]
            }
          ]
        }
      ]
    }
  ]
}