{
  "title": "Idle",
  "duration": 60,
  "holdLastKeyframe": false,
  "nodeAnimations": {
    "Block": {
      "position": {
      },
      "offsetFromPivot": {
      },
      "size": {
      },
      "rotation": {
        "0": [ 0, 0, 0 ],
        "30": [ 56.82064, 0, 0 ],
        "60": [ 0, 0, 0 ]
      },
      "stretch": {
      }
    },
    "Body_Upper": {
      "position": {
        "0": [ 0, -0.02999997, 0.04000002 ],
        "16": [ 0, 0, 0.124666 ],
        "40": [ 0, -0.05934858, -0.06545329 ],
        "60": [ 0, -0.02999997, 0.04000002 ]
      },
      "offsetFromPivot": {
      },
      "size": {
      },
      "rotation": {
        "0": [ 0, 0, 0 ],
        "16": [ 2.233175, 0, 0 ],
        "30": [ 0.7634478, 0, 0 ],
        "40": [ -0.2019783, 0, 0 ],
        "60": [ 0, 0, 0 ]
      },
      "stretch": {
      }
    },
    "Left_Arm_Top": {
      "position": {
      },
      "offsetFromPivot": {
      },
      "size": {
      },
      "rotation": {
        "0": [ -0.1568896, -0.5375745, 0.0007363755 ],
        "12": [ -1.315444, -0.5395653, 0.0007001521 ],
        "30": [ 2.439529, -0.5375412, 0.0007376247 ],
        "60": [ -0.1568896, -0.5375745, 0.0007363755 ]
      },
      "stretch": {
      }
    },
    "Right_Arm_Top": {
      "position": {
      },
      "offsetFromPivot": {
      },
      "size": {
      },
      "rotation": {
        "0": [ 1.169798E-09, -2.001764E-08, -7.23839E-07 ],
        "12": [ -0.4127626, -0.004232551, 0.00492044 ],
        "30": [ 3.616685, -3.137551E-07, -1.697457E-06 ],
        "60": [ 1.169798E-09, -2.001764E-08, -7.23839E-07 ]
      },
      "stretch": {
      }
    },
    "Head": {
      "position": {
        "0": [ 0, 0, 0 ],
        "30": [ 0, -0.2145972, 0 ],
        "60": [ 0, 0, 0 ]
      },
      "offsetFromPivot": {
      },
      "size": {
      },
      "rotation": {
      },
      "stretch": {
      }
    }
  }
}